社會	우리는 사회의 규칙을 지키며 함께 살아갑니다.
問題	수학 문제를 천천히 다시 풀어 보았다.
自身	자신이 한 말에는 책임을 져야 한다.
文化	여러 나라의 문화를 비교하는 수업이 재미있었다.
時間	숙제를 끝낼 시간이 30분 남았다.
事實	소문이 사실인지 직접 확인해 보자.
時代	조선 시대 사람들은 한복을 입고 생활했다.
世界	세계 지도를 펼쳐 여행할 나라를 골랐다.
運動	아침마다 가벼운 운동으로 하루를 시작한다.
學校	학교 도서관에 새 책이 들어왔다.
國家	국가는 국민의 안전을 지켜야 한다.
親舊	친구와 함께 한자 퀴즈를 풀었다.
生活	규칙적인 생활이 건강에 좋다.
方法	더 쉽게 외우는 방법을 찾아보자.
敎育	교육은 사람을 성장하게 한다.
結果	열심히 준비한 결과 시험에 합격했다.
市場	시장에서 신선한 과일을 샀다.
國民	모든 국민은 법 앞에 평등하다.
生命	작은 생명도 소중히 여겨야 한다.
大學	언니는 올해 대학에 입학했다.
作品	미술 시간에 만든 작품을 교실에 걸었다.
地方	지방마다 전해 오는 음식이 다르다.
最近	최근 날씨가 부쩍 추워졌다.
部分	어려운 부분에 밑줄을 그어 두었다.
變化	계절의 변화를 관찰 일기에 적었다.
中心	마을 중심에 큰 나무가 서 있다.
關心	동생은 공룡에 관심이 많다.
全體	반 전체가 운동장에 모였다.
技術	새로운 기술 덕분에 생활이 편리해졌다.
民族	우리 민족은 한글을 만들어 썼다.
調査	우리 동네 나무의 종류를 조사했다.
必要	시험 전에는 충분한 잠이 필요하다.
科學	과학 시간에 식물의 한살이를 배웠다.
自然	자연을 보호하기 위해 쓰레기를 줄이자.
意識	환경 문제에 대한 의식이 높아졌다.
電話	할머니께 안부 전화를 드렸다.
飮食	명절에는 여러 가지 음식을 만든다.
表情	칭찬을 받은 동생의 표정이 밝았다.
性格	형은 성격이 차분하고 꼼꼼하다.
現在	현재 기온은 영상 15도이다.
發展	과학이 발전하면서 생활이 달라졌다.
都市	큰 도시에는 높은 건물이 많다.
行動	말보다 행동으로 보여 주는 것이 중요하다.
方向	길을 잃어서 방향을 다시 확인했다.
工夫	매일 조금씩 한자를 공부한다.
能力	꾸준히 연습하면 능력이 자란다.
新聞	아버지는 아침마다 신문을 읽으신다.
先生	선생님께서 한자의 뜻을 설명해 주셨다.
氣分	시험을 잘 봐서 기분이 좋다.
同時	두 사람이 동시에 손을 들었다.
過去	과거의 일을 돌아보며 반성했다.
物件	잃어버린 물건을 분실물 센터에서 찾았다.
效果	복습의 효과는 생각보다 크다.
音樂	조용한 음악을 들으며 책을 읽었다.
最高	오늘 기온이 올해 최고를 기록했다.
銀行	용돈을 모아 은행에 저금했다.
農民	농민들이 가을에 벼를 거두었다.
午後	오후에는 친구와 도서관에 갔다.
小說	재미있는 소설을 밤늦게까지 읽었다.
空間	책상 위에 공간이 부족하다.
病院	감기에 걸려 병원에 다녀왔다.
記者	기자가 행사 소식을 취재했다.
土地	이 토지는 농사짓기에 알맞다.
外國	외국에서 온 친구에게 한국 음식을 소개했다.
建物	학교 옆에 새 건물이 지어졌다.
原因	불이 난 원인을 조사하고 있다.
父母	부모님께 감사 편지를 썼다.
言語	세계에는 수많은 언어가 있다.
期間	방학 기간에 한자 3급을 준비했다.
對話	서로의 생각을 대화로 나누었다.
家庭	가정마다 명절을 보내는 방식이 다르다.
意見	회의에서 각자 의견을 말했다.
目的	여행의 목적은 역사 공부였다.
材料	김밥 재료를 미리 준비했다.
自由	자유에는 책임이 따른다.
責任	맡은 일에 책임을 다했다.
地球	지구를 지키기 위해 전기를 아껴 쓰자.
知識	책을 읽으면 지식이 넓어진다.
主人	강아지가 주인을 반갑게 맞았다.
選手	축구 선수가 멋진 골을 넣었다.
基本	기본을 탄탄히 익혀야 실력이 는다.
感情	자기 감정을 솔직하게 표현해 보자.
以前	이전보다 글씨가 훨씬 반듯해졌다.
說明	선생님의 설명을 듣고 이해했다.
使用	교실 물건은 사용한 뒤 제자리에 두자.
成長	화분의 새싹이 하루가 다르게 성장했다.
約束	친구와 한 약속을 꼭 지켰다.
交通	출근 시간에는 교통이 복잡하다.
每日	매일 한자 다섯 자씩 외운다.
人口	이 도시는 인구가 점점 늘고 있다.
場所	모임 장소를 공원으로 정했다.
敎室	교실 창문을 열어 환기했다.
平和	모든 나라가 평화롭게 지내기를 바란다.
海外	삼촌은 해외 출장을 자주 간다.
食堂	점심은 학교 식당에서 먹었다.
植物	식물은 햇빛을 받아 자란다.
始作	오늘부터 새로운 급수 공부를 시작했다.
對答	질문에 큰 소리로 대답했다.
安定	마음이 안정되니 문제가 잘 풀렸다.
所有	이 책은 도서관 소유이다.
祖上	설날에 조상께 차례를 지냈다.
百姓	세종대왕은 백성을 위해 한글을 만들었다.
宿題	저녁을 먹기 전에 숙제를 끝냈다.
首都	대한민국의 수도는 서울이다.
時計	벽에 걸린 시계가 멈춰 있었다.
觀光	외국인 관광객이 경복궁을 둘러보았다.
太陽	태양이 떠오르자 하늘이 붉어졌다.
道路	눈이 와서 도로가 미끄럽다.
計算	물건값을 꼼꼼히 계산했다.
不足	잠이 부족하면 집중하기 어렵다.
勇氣	용기를 내어 발표를 했다.
苦生	고생 끝에 낙이 온다.
週末	주말에 가족과 등산을 했다.
順序	획순은 정해진 순서대로 쓴다.
幸福	가족과 함께하는 시간이 행복하다.
入學	동생이 초등학교에 입학했다.
歌手	좋아하는 가수의 노래를 따라 불렀다.
窓門	창문 너머로 비 내리는 모습이 보였다.
兄弟	형제가 사이좋게 놀고 있다.
獨立	독립운동가들의 희생을 기억하자.
靑年	청년들이 마을 청소에 나섰다.
風景	산 위에서 바라본 풍경이 아름다웠다.
學習	오늘의 학습 목표를 먼저 정했다.
韓服	설날에 한복을 곱게 차려입었다.
漢字	한자를 알면 어휘의 뜻이 잘 보인다.
勝利	우리 반이 줄다리기에서 승리했다.
生鮮	시장에서 싱싱한 생선을 샀다.
童話	잠들기 전에 동화책을 읽었다.
卒業	누나가 중학교를 졸업했다.
信號	신호를 지켜 횡단보도를 건넜다.
公園	공원에서 자전거를 탔다.
登場	연극의 주인공이 무대에 등장했다.
東洋	동양과 서양의 그림을 비교해 보았다.
完全	이 문제를 완전히 이해했다.
失敗	실패는 성공의 어머니라고 한다.
文章	짧은 문장으로 일기를 썼다.
火山	화산이 폭발하면 용암이 흘러나온다.
所願	새해 소원을 종이에 적었다.
秋夕	추석에 송편을 빚었다.
湖水	호수 위로 오리가 헤엄친다.
參加	한자 경시대회에 참가했다.
友情	두 친구의 우정은 오래 이어졌다.
休日	휴일에 늦잠을 잤다.
孝道	부모님을 공경하는 것이 효도의 시작이다.
國旗	국경일에 국기를 달았다.
到着	버스가 약속 시간에 도착했다.
永遠	우리의 우정이 영원하기를 바란다.
草綠	봄이 되자 들판이 초록으로 물들었다.
貯金	저금통에 동전을 모았다.
祝福	친구의 생일을 진심으로 축복했다.
明朗	동생은 성격이 명랑하다.
境遇	비가 오는 경우에는 체육 수업을 강당에서 한다.
程度	이 정도 속도라면 시험 전에 모두 외울 수 있다.
自己	자기 물건은 스스로 정리하자.
政府	정부는 새로운 교육 계획을 발표했다.
關係	두 나라는 오랫동안 좋은 관계를 이어 왔다.
男子	남자 달리기 결승전이 곧 시작된다.
地域	우리 지역에는 오래된 절이 많다.
只今	지금 바로 숙제를 시작하자.
經濟	경제 신문에서 물가 소식을 읽었다.
藝術	박물관에서 여러 예술 작품을 감상했다.
內容	책을 읽고 내용을 간단히 정리했다.
勿論	물론 처음에는 어렵지만 곧 익숙해진다.
意味	모르는 낱말의 의미를 사전에서 찾았다.
政治	사회 시간에 정치의 뜻을 배웠다.
硏究	과학자들은 새로운 약을 연구하고 있다.
狀況	교통 상황이 좋아서 일찍 도착했다.
狀態	화분의 흙 상태를 살펴보았다.
環境	깨끗한 환경을 위해 분리배출을 하자.
企業	이 기업은 친환경 제품을 만든다.
亦是	동생 역시 한자 공부를 좋아한다.
精神	정신을 집중하니 문제가 잘 풀렸다.
現象	무지개는 빛이 만드는 자연 현상이다.
構造	집의 구조를 그림으로 그려 보았다.
政策	정부의 새 정책이 뉴스에 나왔다.
制度	학급 회의에서 칭찬 제도를 만들었다.
敎授	교수님께서 특별 강연을 하셨다.
世紀	21세기에는 과학 기술이 빠르게 발전했다.
繼續	비가 하루 종일 계속 내렸다.
思想	옛 학자들의 사상을 책으로 배웠다.
形態	구름은 여러 가지 형태로 모양이 바뀐다.
關聯	이 문제는 오늘 배운 내용과 관련이 있다.
于先	우선 쉬운 문제부터 풀어 보자.
情報	도서관에서 필요한 정보를 찾았다.
槪念	분수의 개념을 그림으로 이해했다.
役割	모둠에서 각자 맡은 역할을 정했다.
機關	공공 기관은 주말에 문을 닫는다.
支配	감정에 지배당하지 말고 차분히 생각하자.
影響	독서는 생각하는 힘에 좋은 영향을 준다.
條件	씨앗이 싹트려면 물과 온도 조건이 맞아야 한다.
段階	한자는 쉬운 단계부터 차근차근 익히자.
敎師	이모는 초등학교 교사로 일한다.
努力	꾸준한 노력 끝에 급수 시험에 합격했다.
子息	부모님은 자식을 위해 늘 애쓰신다.
存在	우주에는 수많은 별이 존재한다.
資料	발표 자료를 사진과 함께 준비했다.
水準	반 친구들의 한자 실력 수준이 비슷하다.
瞬間	공이 골대에 들어가는 순간 모두 환호했다.
放送	학교 방송으로 오늘의 소식을 전했다.
演劇	학예회에서 반 친구들과 연극을 했다.
價値	시간은 무엇보다 가치 있는 것이다.
差異	두 그림의 차이를 찾아보았다.
直接	직접 만든 카드를 친구에게 주었다.
個人	개인 물건에는 이름표를 붙이자.
認識	안전에 대한 인식이 점점 높아졌다.
改革	세종대왕은 여러 제도를 새롭게 고쳤다.
宇宙	우주 비행사가 되는 것이 꿈이다.
經驗	캠프에서 소중한 경험을 했다.
故鄕	명절에 할아버지 고향을 찾아갔다.
結婚	삼촌이 다음 달에 결혼한다.
秩序	줄을 서서 질서를 지켰다.
姿勢	바른 자세로 앉아서 글씨를 쓰자.
警察	경찰이 길 잃은 아이를 도와주었다.
試驗	다음 달에 한자 급수 시험을 본다.
統一	모둠 티셔츠 색을 파랑으로 통일했다.
健康	건강을 위해 채소를 골고루 먹자.
施設	새로 지은 체육 시설이 넓고 깨끗하다.
周邊	학교 주변에 꽃길이 생겼다.
次例	줄을 서서 차례를 기다렸다.
若干	국이 약간 싱거워서 소금을 넣었다.
監督	감독이 선수들에게 작전을 설명했다.
組織	학생회는 여러 부서로 조직되어 있다.
一般	이 책은 일반 독자도 쉽게 읽을 수 있다.
暫時	잠시 쉬었다가 다시 공부하자.
主張	토론에서 자기 주장을 분명히 말했다.
寫眞	졸업식 날 가족사진을 찍었다.
舞臺	무대 위에서 떨지 않고 노래했다.
周圍	주위를 둘러보니 아무도 없었다.
恒常	할머니는 항상 웃는 얼굴이시다.
裝置	화재 경보 장치를 점검했다.
戰略	경기에서 이기기 위한 전략을 세웠다.
特徵	곤충의 특징은 다리가 여섯 개라는 것이다.
觀點	같은 일도 관점에 따라 다르게 보인다.
記憶	어릴 적 여행이 아직도 기억에 남는다.
體系	한자를 부수별로 체계 있게 정리했다.
管理	용돈을 계획적으로 관리한다.
中央	운동장 중앙에 모여 체조를 했다.
國際	국제 대회에 우리나라 선수가 출전했다.
傳統	설날에는 전통 놀이인 윷놀이를 한다.
詩人	시인은 자연을 아름다운 말로 표현했다.
評價	선생님께서 우리 모둠 발표를 좋게 평가하셨다.
位置	지도에서 우리 학교의 위치를 찾았다.
機械	공장에서는 기계가 물건을 만든다.
宗敎	여러 나라의 종교 문화를 조사했다.
實踐	배운 것을 생활에서 실천하는 것이 중요하다.
要素	좋은 글의 중요한 요소는 분명한 주제이다.
保護	멸종 위기 동물을 보호해야 한다.
分析	시험지를 분석해서 약한 부분을 찾았다.
要求	손님의 요구에 친절하게 답했다.
夫婦	이웃집 부부가 함께 산책을 한다.
苦痛	넘어진 무릎의 고통이 금방 사라졌다.
側面	건물을 옆 측면에서 바라보았다.
限界	자신의 한계를 넘어서려고 노력했다.
豫定	다음 주에 현장 체험 학습이 예정되어 있다.
意志	끝까지 해내겠다는 의지가 강하다.
方針	학교의 새로운 방침이 안내되었다.
專門	삼촌은 컴퓨터 전문 기술자이다.
視線	모두의 시선이 칠판으로 모였다.
支援	지역 도서관이 독서 모임을 지원한다.
目標	이번 달 목표는 한자 백 자 외우기다.
經營	할머니는 작은 가게를 경영하신다.
被害	태풍으로 농작물 피해가 컸다.
職場	아버지의 직장은 집에서 가깝다.
準備	내일 소풍 준비를 미리 해 두었다.
消息	오랜만에 친구의 소식을 들었다.
英語	영어와 한자를 함께 공부한다.
